start,end,states
1931-10-03,1932-03-31,*
1932-10-03,1933-03-31,*
1949-12-01,1950-04-30,*
1950-12-01,1951-03-31,*
1951-12-01,1952-03-31,*
1952-12-01,1953-02-28,*
1963-10-23,1964-02-29,ES;MG;RJ;SP
1963-12-09,1964-03-31,*
1965-01-31,1965-03-31,*
1965-11-30,1966-03-31,*
1966-11-01,1967-03-01,*
1967-11-01,1968-03-01,*
1985-11-02,1986-03-15,*
1986-10-25,1987-02-14,*
1987-10-25,1988-02-07,*
1988-10-16,1989-01-29,DF;ES;GO;MG;MS;MT;PR;RJ;RS;SC;SP
1989-10-15,1990-02-11,DF;ES;GO;MG;MS;MT;PR;RJ;RS;SC;SP
1990-10-21,1991-02-17,DF;ES;GO;MG;MS;MT;PR;RJ;RS;SC;SP
1991-10-20,1992-02-09,DF;ES;GO;MG;MS;MT;PR;RJ;RS;SC;SP
1992-10-25,1993-01-31,DF;ES;GO;MG;MS;MT;PR;RJ;RS;SC;SP
1993-10-17,1994-02-20,DF;ES;GO;MG;MS;MT;PR;RJ;RS;SC;SP
1994-10-16,1995-02-19,DF;ES;GO;MG;MS;MT;PR;RJ;RS;SC;SP
1995-10-15,1996-02-11,DF;ES;GO;MG;MS;MT;PR;RJ;RS;SC;SP
1996-10-06,1997-02-16,DF;ES;GO;MG;MS;MT;PR;RJ;RS;SC;SP
1997-10-06,1998-03-01,DF;ES;GO;MG;MS;MT;PR;RJ;RS;SC;SP
1998-10-11,1999-02-21,DF;ES;GO;MG;MS;MT;PR;RJ;RS;SC;SP
1999-10-03,2000-02-27,DF;ES;GO;MG;MS;MT;PR;RJ;RS;SC;SP
2000-10-08,2001-02-18,DF;ES;GO;MG;MS;MT;PR;RJ;RS;SC;SP
2001-10-14,2002-02-17,DF;ES;GO;MG;MS;MT;PR;RJ;RS;SC;SP
2002-11-03,2003-02-16,DF;ES;GO;MG;MS;MT;PR;RJ;RS;SC;SP
2003-10-19,2004-02-15,DF;ES;GO;MG;MS;MT;PR;RJ;RS;SC;SP
2004-11-02,2005-02-20,DF;ES;GO;MG;MS;MT;PR;RJ;RS;SC;SP
2005-10-16,2006-02-19,DF;ES;GO;MG;MS;MT;PR;RJ;RS;SC;SP
2006-11-05,2007-02-25,DF;ES;GO;MG;MS;MT;PR;RJ;RS;SC;SP
2007-10-14,2008-02-17,DF;ES;GO;MG;MS;MT;PR;RJ;RS;SC;SP
2008-10-19,2009-02-15,DF;ES;GO;MG;MS;MT;PR;RJ;RS;SC;SP
2009-10-18,2010-02-21,DF;ES;GO;MG;MS;MT;PR;RJ;RS;SC;SP
2010-10-17,2011-02-20,DF;ES;GO;MG;MS;MT;PR;RJ;RS;SC;SP
2011-10-16,2012-02-19,DF;ES;GO;MG;MS;MT;PR;RJ;RS;SC;SP
2012-10-21,2013-02-17,DF;ES;GO;MG;MS;MT;PR;RJ;RS;SC;SP
2013-10-20,2014-02-16,DF;ES;GO;MG;MS;MT;PR;RJ;RS;SC;SP
2014-10-19,2015-02-15,DF;ES;GO;MG;MS;MT;PR;RJ;RS;SC;SP
2015-10-18,2016-02-21,DF;ES;GO;MG;MS;MT;PR;RJ;RS;SC;SP
2016-10-16,2017-02-19,DF;ES;GO;MG;MS;MT;PR;RJ;RS;SC;SP
2017-10-15,2018-02-18,DF;ES;GO;MG;MS;MT;PR;RJ;RS;SC;SP
2018-11-04,2019-02-17,DF;ES;GO;MG;MS;MT;PR;RJ;RS;SC;SP
